{"cameraMode":{"drawMode":0,"name":"Shaded","section":"Shading Mode"},"sceneLighting":false,"audioPlay":false,"sceneViewState":{"showFog":true,"showMaterialUpdate":false,"showSkybox":false,"showFlares":true,"showImageEffects":true,"showParticleSystems":true,"showVisualEffectGraphs":true,"m_FxEnabled":true},"in2DMode":false,"pivot":{"x":-35.53910446166992,"y":11.687174797058106,"z":-22.205406188964845},"rotation":{"x":0.0025818627327680589,"y":-0.8519670963287354,"z":0.0019314296077936888,"w":0.5256758332252502},"size":25.72695541381836,"orthographic":false}