{"cameraMode":{"drawMode":0,"name":"Shaded","section":"Shading Mode"},"sceneLighting":false,"audioPlay":false,"sceneViewState":{"showFog":true,"showMaterialUpdate":false,"showSkybox":false,"showFlares":true,"showImageEffects":true,"showParticleSystems":true,"showVisualEffectGraphs":true,"m_FxEnabled":true},"in2DMode":false,"pivot":{"x":2.114612579345703,"y":1.9805700778961182,"z":11.773856163024903},"rotation":{"x":-0.031974874436855319,"y":-0.7078416347503662,"z":0.011311979964375496,"w":-0.7072941660881043},"size":24.24871063232422,"orthographic":false}