{"cameraMode":{"drawMode":0,"name":"Shaded","section":"Shading Mode"},"sceneLighting":false,"audioPlay":false,"sceneViewState":{"showFog":true,"showMaterialUpdate":false,"showSkybox":false,"showFlares":true,"showImageEffects":true,"showParticleSystems":true,"showVisualEffectGraphs":true,"m_FxEnabled":true},"in2DMode":false,"pivot":{"x":-20.172372817993165,"y":-2.5543620586395265,"z":13.730257987976075},"rotation":{"x":-0.16403165459632874,"y":-0.030075065791606904,"z":0.0053130448795855049,"w":-0.9870041608810425},"size":4.253974437713623,"orthographic":false}