{"cameraMode":{"drawMode":0,"name":"Shaded","section":"Shading Mode"},"sceneLighting":false,"audioPlay":false,"sceneViewState":{"showFog":true,"showMaterialUpdate":false,"showSkybox":false,"showFlares":true,"showImageEffects":true,"showParticleSystems":true,"showVisualEffectGraphs":true,"m_FxEnabled":true},"in2DMode":false,"pivot":{"x":-11.591408729553223,"y":14.168929100036621,"z":4.333649158477783},"rotation":{"x":0.005908259656280279,"y":0.5172222852706909,"z":0.003564678132534027,"w":-0.8558605313301086},"size":9.669539451599121,"orthographic":false}