{"cameraMode":{"drawMode":0,"name":"Shaded","section":"Shading Mode"},"sceneLighting":false,"audioPlay":false,"sceneViewState":{"showFog":true,"showMaterialUpdate":false,"showSkybox":false,"showFlares":true,"showImageEffects":true,"showParticleSystems":true,"showVisualEffectGraphs":true,"m_FxEnabled":true},"in2DMode":false,"pivot":{"x":-3.3783507347106935,"y":3.4648704528808595,"z":15.442913055419922},"rotation":{"x":-0.36835452914237978,"y":-0.10231402516365051,"z":0.04021201655268669,"w":-0.9242441654205322},"size":24.088411331176759,"orthographic":false}