{"cameraMode":{"drawMode":0,"name":"Shaded","section":"Shading Mode"},"sceneLighting":true,"audioPlay":false,"sceneViewState":{"showFog":true,"showMaterialUpdate":false,"showSkybox":true,"showFlares":true,"showImageEffects":true,"showParticleSystems":true,"showVisualEffectGraphs":true,"m_FxEnabled":true},"in2DMode":false,"pivot":{"x":7.2514543533325199,"y":6.980943202972412,"z":-28.116016387939454},"rotation":{"x":-0.07787302136421204,"y":-0.03405236825346947,"z":0.0018609282560646535,"w":-0.9997048377990723},"size":4.871731758117676,"orthographic":false}