{"cameraMode":{"drawMode":0,"name":"Shaded","section":"Shading Mode"},"sceneLighting":false,"audioPlay":false,"sceneViewState":{"showFog":true,"showMaterialUpdate":false,"showSkybox":false,"showFlares":true,"showImageEffects":true,"showParticleSystems":true,"showVisualEffectGraphs":true,"m_FxEnabled":true},"in2DMode":false,"pivot":{"x":0.38040822744369509,"y":0.11456822603940964,"z":0.1459917277097702},"rotation":{"x":-0.015556219965219498,"y":-0.9819755554199219,"z":0.0924728736281395,"w":-0.16532853245735169},"size":0.23626236617565156,"orthographic":false}