{"cameraMode":{"drawMode":0,"name":"Shaded","section":"Shading Mode"},"sceneLighting":false,"audioPlay":false,"sceneViewState":{"showFog":true,"showMaterialUpdate":false,"showSkybox":false,"showFlares":true,"showImageEffects":true,"showParticleSystems":true,"showVisualEffectGraphs":true,"m_FxEnabled":true},"in2DMode":false,"pivot":{"x":0.9526150822639465,"y":2.4046719074249269,"z":0.9906008839607239},"rotation":{"x":-0.15401886403560639,"y":-0.42233848571777346,"z":0.07856419682502747,"w":-0.8917902708053589},"size":5.612485885620117,"orthographic":false}