{"cameraMode":{"drawMode":0,"name":"Shaded","section":"Shading Mode"},"sceneLighting":false,"audioPlay":false,"sceneViewState":{"showFog":true,"showMaterialUpdate":false,"showSkybox":false,"showFlares":true,"showImageEffects":true,"showParticleSystems":true,"showVisualEffectGraphs":true,"m_FxEnabled":true},"in2DMode":false,"pivot":{"x":11.786298751831055,"y":42.871925354003909,"z":-22.88949966430664},"rotation":{"x":-0.11575721949338913,"y":-0.015701638534665109,"z":-0.008458957076072693,"w":-0.9939419031143189},"size":19.045997619628908,"orthographic":false}