{"cameraMode":{"drawMode":0,"name":"Shaded","section":"Shading Mode"},"sceneLighting":false,"audioPlay":false,"sceneViewState":{"showFog":true,"showMaterialUpdate":false,"showSkybox":false,"showFlares":true,"showImageEffects":true,"showParticleSystems":true,"showVisualEffectGraphs":true,"m_FxEnabled":true},"in2DMode":false,"pivot":{"x":-0.44124412536621096,"y":-0.2666606903076172,"z":23.891252517700197},"rotation":{"x":0.1960355043411255,"y":0.06232668086886406,"z":-0.012517962604761124,"w":0.9786487817764282},"size":28.765453338623048,"orthographic":false}