{"cameraMode":{"drawMode":0,"name":"Shaded","section":"Shading Mode"},"sceneLighting":false,"audioPlay":false,"sceneViewState":{"showFog":true,"showMaterialUpdate":false,"showSkybox":false,"showFlares":true,"showImageEffects":true,"showParticleSystems":true,"showVisualEffectGraphs":true,"m_FxEnabled":true},"in2DMode":false,"pivot":{"x":-2.262331962585449,"y":9.335516929626465,"z":-0.6636250615119934},"rotation":{"x":-0.0015736621571704746,"y":0.9051533341407776,"z":-0.0025746070314198734,"w":-0.4274892807006836},"size":3.9201982021331789,"orthographic":false}