{"cameraMode":{"drawMode":0,"name":"Shaded","section":"Shading Mode"},"sceneLighting":false,"audioPlay":false,"sceneViewState":{"showFog":true,"showMaterialUpdate":false,"showSkybox":false,"showFlares":true,"showImageEffects":true,"showParticleSystems":true,"showVisualEffectGraphs":true,"m_FxEnabled":true},"in2DMode":false,"pivot":{"x":-11.995401382446289,"y":9.871217727661133,"z":150.60150146484376},"rotation":{"x":0.08452190458774567,"y":-0.23402050137519837,"z":0.015676353126764299,"w":0.9702807664871216},"size":10.090217590332032,"orthographic":false}