{"cameraMode":{"drawMode":0,"name":"Shaded","section":"Shading Mode"},"sceneLighting":false,"audioPlay":false,"sceneViewState":{"showFog":true,"showMaterialUpdate":false,"showSkybox":false,"showFlares":true,"showImageEffects":true,"showParticleSystems":true,"showVisualEffectGraphs":true,"m_FxEnabled":true},"in2DMode":false,"pivot":{"x":1.2617844343185425,"y":0.06566088646650315,"z":-0.07418350130319596},"rotation":{"x":-0.0024356627836823465,"y":-0.7913550734519959,"z":0.0012692908057942987,"w":0.6137093901634216},"size":0.23626236617565156,"orthographic":false}