{"cameraMode":{"drawMode":0,"name":"Shaded","section":"Shading Mode"},"sceneLighting":false,"audioPlay":false,"sceneViewState":{"showFog":true,"showMaterialUpdate":false,"showSkybox":false,"showFlares":true,"showImageEffects":true,"showParticleSystems":true,"showVisualEffectGraphs":true,"m_FxEnabled":true},"in2DMode":false,"pivot":{"x":-0.49531275033950808,"y":0.10212244093418122,"z":-1.2937333583831788},"rotation":{"x":0.014021830633282662,"y":0.9805014133453369,"z":-0.18872632086277009,"w":0.06978002190589905},"size":3.570714235305786,"orthographic":false}